<ImportExportXml version="9.1.0.1096" SolutionPackageVersion="9.1" languagecode="1033" generatedBy="CrmLive" xmlns:xsi="http://www.w3.org/2001/XMLSchema-instance">
  <SolutionManifest>
    <UniqueName>Opportunities_SentimentAnalysis</UniqueName>
    <LocalizedNames>
      <LocalizedName description="Opportunities_ML" languagecode="1033" />
    </LocalizedNames>
    <Descriptions />
    <Version>1.0.0.0</Version>
    <Managed>0</Managed>
    <Publisher>
      <UniqueName>DefaultPublisherskssr</UniqueName>
      <LocalizedNames>
        <LocalizedName description="Default Publisher for skssr" languagecode="1033" />
      </LocalizedNames>
      <Descriptions>
        <Description description="Default publisher for this organization" languagecode="1033" />
      </Descriptions>
      <EMailAddress xsi:nil="true"></EMailAddress>
      <SupportingWebsiteUrl xsi:nil="true"></SupportingWebsiteUrl>
      <CustomizationPrefix>new</CustomizationPrefix>
      <CustomizationOptionValuePrefix>10000</CustomizationOptionValuePrefix>
      <Addresses>
        <Address>
          <AddressNumber>1</AddressNumber>
          <AddressTypeCode xsi:nil="true"></AddressTypeCode>
          <City xsi:nil="true"></City>
          <County xsi:nil="true"></County>
          <Country xsi:nil="true"></Country>
          <Fax xsi:nil="true"></Fax>
          <FreightTermsCode xsi:nil="true"></FreightTermsCode>
          <ImportSequenceNumber xsi:nil="true"></ImportSequenceNumber>
          <Latitude xsi:nil="true"></Latitude>
          <Line1 xsi:nil="true"></Line1>
          <Line2 xsi:nil="true"></Line2>
          <Line3 xsi:nil="true"></Line3>
          <Longitude xsi:nil="true"></Longitude>
          <Name xsi:nil="true"></Name>
          <PostalCode xsi:nil="true"></PostalCode>
          <PostOfficeBox xsi:nil="true"></PostOfficeBox>
          <PrimaryContactName xsi:nil="true"></PrimaryContactName>
          <ShippingMethodCode xsi:nil="true"></ShippingMethodCode>
          <StateOrProvince xsi:nil="true"></StateOrProvince>
          <Telephone1 xsi:nil="true"></Telephone1>
          <Telephone2 xsi:nil="true"></Telephone2>
          <Telephone3 xsi:nil="true"></Telephone3>
          <TimeZoneRuleVersionNumber xsi:nil="true"></TimeZoneRuleVersionNumber>
          <UPSZone xsi:nil="true"></UPSZone>
          <UTCOffset xsi:nil="true"></UTCOffset>
          <UTCConversionTimeZoneCode xsi:nil="true"></UTCConversionTimeZoneCode>
        </Address>
        <Address>
          <AddressNumber>2</AddressNumber>
          <AddressTypeCode xsi:nil="true"></AddressTypeCode>
          <City xsi:nil="true"></City>
          <County xsi:nil="true"></County>
          <Country xsi:nil="true"></Country>
          <Fax xsi:nil="true"></Fax>
          <FreightTermsCode xsi:nil="true"></FreightTermsCode>
          <ImportSequenceNumber xsi:nil="true"></ImportSequenceNumber>
          <Latitude xsi:nil="true"></Latitude>
          <Line1 xsi:nil="true"></Line1>
          <Line2 xsi:nil="true"></Line2>
          <Line3 xsi:nil="true"></Line3>
          <Longitude xsi:nil="true"></Longitude>
          <Name xsi:nil="true"></Name>
          <PostalCode xsi:nil="true"></PostalCode>
          <PostOfficeBox xsi:nil="true"></PostOfficeBox>
          <PrimaryContactName xsi:nil="true"></PrimaryContactName>
          <ShippingMethodCode xsi:nil="true"></ShippingMethodCode>
          <StateOrProvince xsi:nil="true"></StateOrProvince>
          <Telephone1 xsi:nil="true"></Telephone1>
          <Telephone2 xsi:nil="true"></Telephone2>
          <Telephone3 xsi:nil="true"></Telephone3>
          <TimeZoneRuleVersionNumber xsi:nil="true"></TimeZoneRuleVersionNumber>
          <UPSZone xsi:nil="true"></UPSZone>
          <UTCOffset xsi:nil="true"></UTCOffset>
          <UTCConversionTimeZoneCode xsi:nil="true"></UTCConversionTimeZoneCode>
        </Address>
      </Addresses>
    </Publisher>
    <RootComponents>
      <RootComponent type="1" schemaName="opportunity" behavior="1" />
      <RootComponent type="60" id="{a837e4a7-01b8-4f82-a475-be9abd67e667}" />
    </RootComponents>
    <MissingDependencies>
      <MissingDependency>
        <Required key="0" type="1" schemaName="opportunity" displayName="Opportunity" solution="msdynce_Sales (9.0.4.0076)" />
        <Dependent key="0" type="1" schemaName="opportunity" displayName="Opportunity" />
      </MissingDependency>
      <MissingDependency>
        <Required key="1" type="1" schemaName="quote" displayName="Quote" solution="msdynce_Sales (9.0.4.0076)" />
        <Dependent key="2" type="60" displayName="Opportunity" parentDisplayName="Opportunity" id="{a837e4a7-01b8-4f82-a475-be9abd67e667}" />
      </MissingDependency>
      <MissingDependency>
        <Required key="3" type="1" schemaName="competitor" displayName="Competitor" solution="msdynce_Sales (9.0.4.0076)" />
        <Dependent key="2" type="60" displayName="Opportunity" parentDisplayName="Opportunity" id="{a837e4a7-01b8-4f82-a475-be9abd67e667}" />
      </MissingDependency>
      <MissingDependency>
        <Required key="4" type="1" schemaName="opportunityproduct" displayName="Opportunity Line" solution="msdynce_Sales (9.0.4.0076)" />
        <Dependent key="2" type="60" displayName="Opportunity" parentDisplayName="Opportunity" id="{a837e4a7-01b8-4f82-a475-be9abd67e667}" />
      </MissingDependency>
      <MissingDependency>
        <Required key="5" type="2" schemaName="freightamount" displayName="Freight Amount" parentSchemaName="opportunity" parentDisplayName="Opportunity" solution="msdynce_Sales (9.0.4.0076)" />
        <Dependent key="2" type="60" displayName="Opportunity" parentDisplayName="Opportunity" id="{a837e4a7-01b8-4f82-a475-be9abd67e667}" />
      </MissingDependency>
      <MissingDependency>
        <Required key="6" type="2" schemaName="currentsituation" displayName="Current Situation" parentSchemaName="opportunity" parentDisplayName="Opportunity" solution="msdynce_Sales (9.0.4.0076)" />
        <Dependent key="2" type="60" displayName="Opportunity" parentDisplayName="Opportunity" id="{a837e4a7-01b8-4f82-a475-be9abd67e667}" />
      </MissingDependency>
      <MissingDependency>
        <Required key="7" type="2" schemaName="isrevenuesystemcalculated" displayName="Revenue" parentSchemaName="opportunity" parentDisplayName="Opportunity" solution="msdynce_Sales (9.0.4.0076)" />
        <Dependent key="2" type="60" displayName="Opportunity" parentDisplayName="Opportunity" id="{a837e4a7-01b8-4f82-a475-be9abd67e667}" />
      </MissingDependency>
      <MissingDependency>
        <Required key="8" type="2" schemaName="pursuitdecision" displayName="Decide Go/No-Go" parentSchemaName="opportunity" parentDisplayName="Opportunity" solution="msdynce_Sales (9.0.4.0076)" />
        <Dependent key="2" type="60" displayName="Opportunity" parentDisplayName="Opportunity" id="{a837e4a7-01b8-4f82-a475-be9abd67e667}" />
      </MissingDependency>
      <MissingDependency>
        <Required key="9" type="2" schemaName="description" displayName="Description" parentSchemaName="opportunity" parentDisplayName="Opportunity" solution="msdynce_Sales (9.0.4.0076)" />
        <Dependent key="2" type="60" displayName="Opportunity" parentDisplayName="Opportunity" id="{a837e4a7-01b8-4f82-a475-be9abd67e667}" />
      </MissingDependency>
      <MissingDependency>
        <Required key="10" type="2" schemaName="pricelevelid" displayName="Price List" parentSchemaName="opportunity" parentDisplayName="Opportunity" solution="msdynce_Sales (9.0.4.0076)" />
        <Dependent key="2" type="60" displayName="Opportunity" parentDisplayName="Opportunity" id="{a837e4a7-01b8-4f82-a475-be9abd67e667}" />
      </MissingDependency>
      <MissingDependency>
        <Required key="11" type="2" schemaName="customerneed" displayName="Customer Need" parentSchemaName="opportunity" parentDisplayName="Opportunity" solution="msdynce_Sales (9.0.4.0076)" />
        <Dependent key="2" type="60" displayName="Opportunity" parentDisplayName="Opportunity" id="{a837e4a7-01b8-4f82-a475-be9abd67e667}" />
      </MissingDependency>
      <MissingDependency>
        <Required key="12" type="2" schemaName="purchaseprocess" displayName="Purchase Process" parentSchemaName="opportunity" parentDisplayName="Opportunity" solution="msdynce_Sales (9.0.4.0076)" />
        <Dependent key="2" type="60" displayName="Opportunity" parentDisplayName="Opportunity" id="{a837e4a7-01b8-4f82-a475-be9abd67e667}" />
      </MissingDependency>
      <MissingDependency>
        <Required key="13" type="2" schemaName="actualvalue" displayName="Actual Revenue" parentSchemaName="opportunity" parentDisplayName="Opportunity" solution="msdynce_Sales (9.0.4.0076)" />
        <Dependent key="2" type="60" displayName="Opportunity" parentDisplayName="Opportunity" id="{a837e4a7-01b8-4f82-a475-be9abd67e667}" />
      </MissingDependency>
      <MissingDependency>
        <Required key="14" type="2" schemaName="statuscode" displayName="Status Reason" parentSchemaName="opportunity" parentDisplayName="Opportunity" solution="msdynce_Sales (9.0.4.0076)" />
        <Dependent key="2" type="60" displayName="Opportunity" parentDisplayName="Opportunity" id="{a837e4a7-01b8-4f82-a475-be9abd67e667}" />
      </MissingDependency>
      <MissingDependency>
        <Required key="15" type="2" schemaName="discountpercentage" displayName="Opportunity Discount (%)" parentSchemaName="opportunity" parentDisplayName="Opportunity" solution="msdynce_Sales (9.0.4.0076)" />
        <Dependent key="2" type="60" displayName="Opportunity" parentDisplayName="Opportunity" id="{a837e4a7-01b8-4f82-a475-be9abd67e667}" />
      </MissingDependency>
      <MissingDependency>
        <Required key="16" type="2" schemaName="msdyn_workordertype" displayName="Work Order Type" parentSchemaName="opportunity" parentDisplayName="Opportunity" solution="FieldService (8.2.0.286)" />
        <Dependent key="2" type="60" displayName="Opportunity" parentDisplayName="Opportunity" id="{a837e4a7-01b8-4f82-a475-be9abd67e667}" />
      </MissingDependency>
      <MissingDependency>
        <Required key="17" type="2" schemaName="totalamount" displayName="Total Amount" parentSchemaName="opportunity" parentDisplayName="Opportunity" solution="msdynce_Sales (9.0.4.0076)" />
        <Dependent key="2" type="60" displayName="Opportunity" parentDisplayName="Opportunity" id="{a837e4a7-01b8-4f82-a475-be9abd67e667}" />
      </MissingDependency>
      <MissingDependency>
        <Required key="18" type="2" schemaName="customerid" displayName="Potential Customer" parentSchemaName="opportunity" parentDisplayName="Opportunity" solution="msdynce_Sales (9.0.4.0076)" />
        <Dependent key="2" type="60" displayName="Opportunity" parentDisplayName="Opportunity" id="{a837e4a7-01b8-4f82-a475-be9abd67e667}" />
      </MissingDependency>
      <MissingDependency>
        <Required key="19" type="2" schemaName="estimatedclosedate" displayName="Est. Close Date" parentSchemaName="opportunity" parentDisplayName="Opportunity" solution="msdynce_Sales (9.0.4.0076)" />
        <Dependent key="2" type="60" displayName="Opportunity" parentDisplayName="Opportunity" id="{a837e4a7-01b8-4f82-a475-be9abd67e667}" />
      </MissingDependency>
      <MissingDependency>
        <Required key="20" type="2" schemaName="transactioncurrencyid" displayName="Currency" parentSchemaName="opportunity" parentDisplayName="Opportunity" solution="msdynce_Sales (9.0.4.0076)" />
        <Dependent key="2" type="60" displayName="Opportunity" parentDisplayName="Opportunity" id="{a837e4a7-01b8-4f82-a475-be9abd67e667}" />
      </MissingDependency>
      <MissingDependency>
        <Required key="21" type="2" schemaName="totalamountlessfreight" displayName="Total Pre-Freight Amount" parentSchemaName="opportunity" parentDisplayName="Opportunity" solution="msdynce_Sales (9.0.4.0076)" />
        <Dependent key="2" type="60" displayName="Opportunity" parentDisplayName="Opportunity" id="{a837e4a7-01b8-4f82-a475-be9abd67e667}" />
      </MissingDependency>
      <MissingDependency>
        <Required key="22" type="2" schemaName="parentcontactid" displayName="Contact" parentSchemaName="opportunity" parentDisplayName="Opportunity" solution="msdynce_Sales (9.0.4.0076)" />
        <Dependent key="2" type="60" displayName="Opportunity" parentDisplayName="Opportunity" id="{a837e4a7-01b8-4f82-a475-be9abd67e667}" />
      </MissingDependency>
      <MissingDependency>
        <Required key="23" type="2" schemaName="estimatedvalue" displayName="Est. Revenue" parentSchemaName="opportunity" parentDisplayName="Opportunity" solution="msdynce_Sales (9.0.4.0076)" />
        <Dependent key="2" type="60" displayName="Opportunity" parentDisplayName="Opportunity" id="{a837e4a7-01b8-4f82-a475-be9abd67e667}" />
      </MissingDependency>
      <MissingDependency>
        <Required key="24" type="2" schemaName="ownerid" displayName="Owner" parentSchemaName="opportunity" parentDisplayName="Opportunity" solution="msdynce_Sales (9.0.4.0076)" />
        <Dependent key="2" type="60" displayName="Opportunity" parentDisplayName="Opportunity" id="{a837e4a7-01b8-4f82-a475-be9abd67e667}" />
      </MissingDependency>
      <MissingDependency>
        <Required key="25" type="2" schemaName="opportunityratingcode" displayName="Rating" parentSchemaName="opportunity" parentDisplayName="Opportunity" solution="msdynce_Sales (9.0.4.0076)" />
        <Dependent key="2" type="60" displayName="Opportunity" parentDisplayName="Opportunity" id="{a837e4a7-01b8-4f82-a475-be9abd67e667}" />
      </MissingDependency>
      <MissingDependency>
        <Required key="26" type="2" schemaName="discountamount" displayName="Opportunity Discount Amount" parentSchemaName="opportunity" parentDisplayName="Opportunity" solution="msdynce_Sales (9.0.4.0076)" />
        <Dependent key="2" type="60" displayName="Opportunity" parentDisplayName="Opportunity" id="{a837e4a7-01b8-4f82-a475-be9abd67e667}" />
      </MissingDependency>
      <MissingDependency>
        <Required key="27" type="2" schemaName="parentaccountid" displayName="Account" parentSchemaName="opportunity" parentDisplayName="Opportunity" solution="msdynce_Sales (9.0.4.0076)" />
        <Dependent key="2" type="60" displayName="Opportunity" parentDisplayName="Opportunity" id="{a837e4a7-01b8-4f82-a475-be9abd67e667}" />
      </MissingDependency>
      <MissingDependency>
        <Required key="28" type="2" schemaName="msdyn_ordertype" displayName="Order Type" parentSchemaName="opportunity" parentDisplayName="Opportunity" solution="ProjectService (3.2.0.246)" />
        <Dependent key="2" type="60" displayName="Opportunity" parentDisplayName="Opportunity" id="{a837e4a7-01b8-4f82-a475-be9abd67e667}" />
      </MissingDependency>
      <MissingDependency>
        <Required key="29" type="2" schemaName="totallineitemamount" displayName="Total Detail Amount" parentSchemaName="opportunity" parentDisplayName="Opportunity" solution="msdynce_Sales (9.0.4.0076)" />
        <Dependent key="2" type="60" displayName="Opportunity" parentDisplayName="Opportunity" id="{a837e4a7-01b8-4f82-a475-be9abd67e667}" />
      </MissingDependency>
      <MissingDependency>
        <Required key="30" type="2" schemaName="statecode" displayName="Status" parentSchemaName="opportunity" parentDisplayName="Opportunity" solution="msdynce_Sales (9.0.4.0076)" />
        <Dependent key="2" type="60" displayName="Opportunity" parentDisplayName="Opportunity" id="{a837e4a7-01b8-4f82-a475-be9abd67e667}" />
      </MissingDependency>
      <MissingDependency>
        <Required key="31" type="2" schemaName="proposedsolution" displayName="Proposed Solution" parentSchemaName="opportunity" parentDisplayName="Opportunity" solution="msdynce_Sales (9.0.4.0076)" />
        <Dependent key="2" type="60" displayName="Opportunity" parentDisplayName="Opportunity" id="{a837e4a7-01b8-4f82-a475-be9abd67e667}" />
      </MissingDependency>
      <MissingDependency>
        <Required key="32" type="2" schemaName="closeprobability" displayName="Probability" parentSchemaName="opportunity" parentDisplayName="Opportunity" solution="msdynce_Sales (9.0.4.0076)" />
        <Dependent key="2" type="60" displayName="Opportunity" parentDisplayName="Opportunity" id="{a837e4a7-01b8-4f82-a475-be9abd67e667}" />
      </MissingDependency>
      <MissingDependency>
        <Required key="33" type="2" schemaName="purchasetimeframe" displayName="Purchase Timeframe" parentSchemaName="opportunity" parentDisplayName="Opportunity" solution="msdynce_Sales (9.0.4.0076)" />
        <Dependent key="2" type="60" displayName="Opportunity" parentDisplayName="Opportunity" id="{a837e4a7-01b8-4f82-a475-be9abd67e667}" />
      </MissingDependency>
      <MissingDependency>
        <Required key="34" type="2" schemaName="name" displayName="Topic" parentSchemaName="opportunity" parentDisplayName="Opportunity" solution="msdynce_Sales (9.0.4.0076)" />
        <Dependent key="2" type="60" displayName="Opportunity" parentDisplayName="Opportunity" id="{a837e4a7-01b8-4f82-a475-be9abd67e667}" />
      </MissingDependency>
      <MissingDependency>
        <Required key="35" type="2" schemaName="budgetamount" displayName="Budget Amount" parentSchemaName="opportunity" parentDisplayName="Opportunity" solution="msdynce_Sales (9.0.4.0076)" />
        <Dependent key="2" type="60" displayName="Opportunity" parentDisplayName="Opportunity" id="{a837e4a7-01b8-4f82-a475-be9abd67e667}" />
      </MissingDependency>
      <MissingDependency>
        <Required key="36" type="2" schemaName="totaltax" displayName="Total Tax" parentSchemaName="opportunity" parentDisplayName="Opportunity" solution="msdynce_Sales (9.0.4.0076)" />
        <Dependent key="2" type="60" displayName="Opportunity" parentDisplayName="Opportunity" id="{a837e4a7-01b8-4f82-a475-be9abd67e667}" />
      </MissingDependency>
      <MissingDependency>
        <Required key="37" type="10" schemaName="msdyn_msdyn_workordertype_opportunity_WorkOrderType" displayName="msdyn_msdyn_workordertype_opportunity_WorkOrderType" parentSchemaName="opportunity" parentDisplayName="Opportunity" solution="FieldService (8.2.0.286)" />
        <Dependent key="2" type="60" displayName="Opportunity" parentDisplayName="Opportunity" id="{a837e4a7-01b8-4f82-a475-be9abd67e667}" />
      </MissingDependency>
      <MissingDependency>
        <Required key="38" type="10" schemaName="msdyn_opportunity_msdyn_workorder" displayName="msdyn_opportunity_msdyn_workorder" parentSchemaName="msdyn_workorder" parentDisplayName="Work Order" solution="FieldService (8.2.0.286)" />
        <Dependent key="2" type="60" displayName="Opportunity" parentDisplayName="Opportunity" id="{a837e4a7-01b8-4f82-a475-be9abd67e667}" />
      </MissingDependency>
      <MissingDependency>
        <Required key="39" type="26" schemaName="Opportunity Quotes" displayName="Opportunity Quotes" parentSchemaName="quote" parentDisplayName="Quote" solution="msdynce_Sales (9.0.4.0076)" id="{61a4c932-d775-e211-b420-00155d806600}" />
        <Dependent key="2" type="60" displayName="Opportunity" parentDisplayName="Opportunity" id="{a837e4a7-01b8-4f82-a475-be9abd67e667}" />
      </MissingDependency>
      <MissingDependency>
        <Required key="40" type="26" schemaName="Opportunity Product Inline Edit View" displayName="Opportunity Product Inline Edit View" parentSchemaName="opportunityproduct" parentDisplayName="Opportunity Line" solution="msdynce_Sales (9.0.4.0076)" id="{01010de7-749e-4fe6-8037-aca560a4fcbe}" />
        <Dependent key="2" type="60" displayName="Opportunity" parentDisplayName="Opportunity" id="{a837e4a7-01b8-4f82-a475-be9abd67e667}" />
      </MissingDependency>
      <MissingDependency>
        <Required key="41" type="26" schemaName="All Competitors (summary)" displayName="All Competitors (summary)" parentSchemaName="competitor" parentDisplayName="Competitor" solution="msdynce_Sales (9.0.4.0076)" id="{57bca9ac-87a0-4c28-adc8-2d0a4645f29e}" />
        <Dependent key="2" type="60" displayName="Opportunity" parentDisplayName="Opportunity" id="{a837e4a7-01b8-4f82-a475-be9abd67e667}" />
      </MissingDependency>
      <MissingDependency>
        <Required key="42" type="26" schemaName="Work Order Type Lookup View" displayName="Work Order Type Lookup View" parentSchemaName="msdyn_workordertype" parentDisplayName="Work Order Type" solution="FieldService (8.2.0.286)" id="{8f0514ca-d271-46cc-b531-41791c56949a}" />
        <Dependent key="2" type="60" displayName="Opportunity" parentDisplayName="Opportunity" id="{a837e4a7-01b8-4f82-a475-be9abd67e667}" />
      </MissingDependency>
      <MissingDependency>
        <Required key="2" type="60" displayName="Opportunity" parentDisplayName="Opportunity" solution="msdynce_Sales (9.0.4.0076)" id="{a837e4a7-01b8-4f82-a475-be9abd67e667}" />
        <Dependent key="2" type="60" displayName="Opportunity" parentDisplayName="Opportunity" id="{a837e4a7-01b8-4f82-a475-be9abd67e667}" />
      </MissingDependency>
      <MissingDependency>
        <Required key="43" type="66" schemaName="MscrmControls.CardFeedContainer.CardFeedContainer" displayName="MscrmControls.CardFeedContainer.CardFeedContainer" solution="CustomControlsCore (9.1.0000.1096)" />
        <Dependent key="2" type="60" displayName="Opportunity" parentDisplayName="Opportunity" id="{a837e4a7-01b8-4f82-a475-be9abd67e667}" />
      </MissingDependency>
      <MissingDependency>
        <Required key="44" type="61" schemaName="msdyn_/SalesDocument/SalesDocumentFormLoader.Library.js" displayName="msdyn_/SalesDocument/SalesDocumentFormLoader.Library.js" solution="FieldService (8.2.0.286)" />
        <Dependent key="2" type="60" displayName="Opportunity" parentDisplayName="Opportunity" id="{a837e4a7-01b8-4f82-a475-be9abd67e667}" />
      </MissingDependency>
      <MissingDependency>
        <Required key="45" type="61" schemaName="msdyn_/Utils/sdk.jquery.js" displayName="msdyn_/Utils/sdk.jquery.js" solution="FieldService (8.2.0.286)" />
        <Dependent key="2" type="60" displayName="Opportunity" parentDisplayName="Opportunity" id="{a837e4a7-01b8-4f82-a475-be9abd67e667}" />
      </MissingDependency>
      <MissingDependency>
        <Required key="46" type="61" schemaName="msdyn_/SDK/SOAP/Sdk_Soap_min.js" displayName="msdyn_/SDK/SOAP/Sdk_Soap_min.js" solution="FieldService (8.2.0.286)" />
        <Dependent key="2" type="60" displayName="Opportunity" parentDisplayName="Opportunity" id="{a837e4a7-01b8-4f82-a475-be9abd67e667}" />
      </MissingDependency>
      <MissingDependency>
        <Required key="47" type="61" schemaName="msdyn_/Utils/EntityDictionary.js" displayName="msdyn_/Utils/EntityDictionary.js" solution="FieldService (8.2.0.286)" />
        <Dependent key="2" type="60" displayName="Opportunity" parentDisplayName="Opportunity" id="{a837e4a7-01b8-4f82-a475-be9abd67e667}" />
      </MissingDependency>
      <MissingDependency>
        <Required key="48" type="61" schemaName="msdyn_/LocalizationLibrary/Localization.Library.js" displayName="msdyn_/LocalizationLibrary/Localization.Library.js" solution="FieldService (8.2.0.286)" />
        <Dependent key="2" type="60" displayName="Opportunity" parentDisplayName="Opportunity" id="{a837e4a7-01b8-4f82-a475-be9abd67e667}" />
      </MissingDependency>
      <MissingDependency>
        <Required key="49" type="61" schemaName="msdyn_/Recurrence/Recurrence.Library.js" displayName="msdyn_/Recurrence/Recurrence.Library.js" solution="FieldService (8.2.0.286)" />
        <Dependent key="2" type="60" displayName="Opportunity" parentDisplayName="Opportunity" id="{a837e4a7-01b8-4f82-a475-be9abd67e667}" />
      </MissingDependency>
      <MissingDependency>
        <Required key="50" type="61" schemaName="msdyn_/Libraries/require/require.js" displayName="msdyn_/Libraries/require/require.js" solution="ProjectService (3.2.0.246)" />
        <Dependent key="2" type="60" displayName="Opportunity" parentDisplayName="Opportunity" id="{a837e4a7-01b8-4f82-a475-be9abd67e667}" />
      </MissingDependency>
      <MissingDependency>
        <Required key="51" type="61" schemaName="msdyn_/Action/FieldServiceSystemAction/Sdk_msdyn_FieldServiceSystemAction_min.js" displayName="msdyn_/Action/FieldServiceSystemAction/Sdk_msdyn_FieldServiceSystemAction_min.js" solution="FieldService (8.2.0.286)" />
        <Dependent key="2" type="60" displayName="Opportunity" parentDisplayName="Opportunity" id="{a837e4a7-01b8-4f82-a475-be9abd67e667}" />
      </MissingDependency>
      <MissingDependency>
        <Required key="52" type="61" schemaName="msdyn_/Opportunity/Opportunity.Library.js" displayName="msdyn_/Opportunity/Opportunity.Library.js" solution="FieldService (8.2.0.286)" />
        <Dependent key="2" type="60" displayName="Opportunity" parentDisplayName="Opportunity" id="{a837e4a7-01b8-4f82-a475-be9abd67e667}" />
      </MissingDependency>
      <MissingDependency>
        <Required key="53" type="61" schemaName="msdyn_/Opportunity/Scripts/OpportunityCoreCrmInitialization.js" displayName="msdyn_/Opportunity/Scripts/OpportunityCoreCrmInitialization.js" solution="ProjectService (3.2.0.246)" />
        <Dependent key="2" type="60" displayName="Opportunity" parentDisplayName="Opportunity" id="{a837e4a7-01b8-4f82-a475-be9abd67e667}" />
      </MissingDependency>
      <MissingDependency>
        <Required key="54" type="61" schemaName="msdyn_/Utils/jquery.min.js" displayName="msdyn_/Utils/jquery.min.js" solution="FieldService (8.2.0.286)" />
        <Dependent key="2" type="60" displayName="Opportunity" parentDisplayName="Opportunity" id="{a837e4a7-01b8-4f82-a475-be9abd67e667}" />
      </MissingDependency>
    </MissingDependencies>
  </SolutionManifest>
</ImportExportXml>